<?xml version="1.0" encoding="UTF-8"?>
<events>
  <event>
    <event_time>2024-01-01 00:00</event_time>
    <event_type>Failure</event_type>
    <severity>High</severity>
  </event>
  <event>
    <event_time>2024-01-01 02:00</event_time>
    <event_type>Warning</event_type>
    <severity>Medium</severity>
  </event>
  <event>
    <event_time>2024-01-01 04:00</event_time>
    <event_type>Normal</event_type>
    <severity>Low</severity>
  </event>
  <event>
    <event_time>2024-01-01 06:00</event_time>
    <event_type>Failure</event_type>
    <severity>Medium</severity>
  </event>
</events>
