column,mean_diff,max_diff,std_diff,num_nonzero_diff
rdd1_dindx_295,0.46967167501391205,255,12.451164416593407,22
rdd1_dindx_307,0.24040066777963273,255,9.558773088995258,8
rdd1_dindx_33,-0.333889816360601,255,52.483283853911544,667
rdd1_dindx_53,0.18308291597106288,255,61.792239751899956,840
rdd1_dindx_43,0.22537562604340566,255,64.39025995876898,757
rdd1_dindx_44,3.6839176405119645,255,66.49522669058328,761
rdd1_dindx_52,-1.283249860879243,255,63.77046880063064,832
rdd1_dindx_218,1.8380634390651085,255,42.13619619460221,503
rdd1_dindx_217,1.6950473010573177,255,42.95944746891138,511
rdd1_dindx_214,1.6405119643850863,255,43.07453499732696,551
rdd1_dindx_106,1.19810795770729,255,57.25564552659636,1145
rdd1_dindx_93,-0.2854757929883139,255,51.532942448876085,1113
rdd1_dindx_70,0.4713411240957151,255,50.9608171306138,960
rdd1_dindx_64,-1.8274902615470228,255,58.79379527481114,932
rdd1_dindx_199,0.33834168057874237,255,49.399286751783976,716
rdd1_dindx_200,0.6572064552031163,255,49.46161358305563,704
rdd1_dindx_138,2.43683917640512,255,61.12796216190319,1139
rdd1_dindx_156,2.062326099053979,255,55.484515426645004,1082
rdd1_dindx_220,1.9844184752365053,255,45.110854392690996,473
rdd1_dindx_105,-0.8619922092376182,255,57.035295353042955,1137
rdd1_dindx_119,0.773511407902059,255,53.34529021753881,1155
rdd1_dindx_96,0.6265998887033946,255,49.27984689762518,1128
rdd1_dindx_207,1.5197551474680022,255,47.65867413384503,630
rdd1_dindx_174,2.4090150250417364,255,52.79445539868708,952
rdd1_dindx_148,2.065664997217585,255,61.09672969365922,1123
rdd1_dindx_161,1.4468558708959376,255,60.55153746467034,1050
rdd1_dindx_37,1.8096828046744575,254,60.42526398186732,702
rdd1_dindx_38,0.32943795214245963,254,58.71375424485261,717
rdd1_dindx_41,0.535336672231497,254,60.443284610381234,739
rdd1_dindx_40,1.2287145242070117,254,61.62235769965649,733
rdd1_dindx_54,-0.0773511407902059,254,62.0721583083511,852
rdd1_dindx_56,-0.12353923205342238,254,61.27678147432553,870
rdd1_dindx_59,2.6249304396215916,254,58.804748478177295,887
rdd1_dindx_35,2.521424596549805,254,54.101866166834014,692
rdd1_dindx_63,1.7545909849749584,254,57.07821408770161,924
rdd1_dindx_62,-0.09738452977184196,254,53.97669460253675,915
rdd1_dindx_34,0.7662771285475793,254,51.089487087019045,677
rdd1_dindx_246,1.682804674457429,254,28.71680851133154,211
rdd1_dindx_39,2.2960489705063996,254,61.53611668912288,728
rdd1_dindx_254,0.4974958263772955,254,23.19772069103865,158
rdd1_dindx_240,0.5993322203672788,254,31.37785160048628,265
rdd1_dindx_241,1.9499165275459098,254,31.897752379090498,251
rdd1_dindx_22,-0.03171953255425709,254,35.82528238673627,517
rdd1_dindx_26,0.12020033388981637,254,39.800490462157796,565
rdd1_dindx_31,-1.0762381747356706,254,47.89998713565618,638
rdd1_dindx_30,2.027267668336116,254,46.37212276305253,623
rdd1_dindx_176,2.1808569838619922,254,54.08057953301477,933
rdd1_dindx_177,-0.08736783528102393,254,50.81700495803313,925
rdd1_dindx_184,1.2220367278797997,254,50.15060460903699,871
rdd1_dindx_160,-0.19087367835281024,254,56.711365052963274,1062
rdd1_dindx_190,1.2810239287701726,254,49.16686567732361,823
rdd1_dindx_191,1.335559265442404,254,49.45177838009806,810
rdd1_dindx_185,0.2643294379521425,254,52.071701793990755,869
rdd1_dindx_186,1.4190317195325544,254,52.41494405328142,860
rdd1_dindx_182,-0.6655537006121314,254,48.44928618766885,881
rdd1_dindx_167,1.2882582081246523,254,56.84632890315144,998
rdd1_dindx_169,1.3005008347245408,254,52.92293264712149,988
rdd1_dindx_168,2.106288258208125,254,57.39092967131603,996
rdd1_dindx_165,0.31886477462437396,254,52.78548418154887,1019
rdd1_dindx_32,-0.3672787979966611,254,50.19314723080633,650
rdd1_dindx_58,-1.2899276572064553,254,59.23889341363311,880
rdd1_dindx_55,2.239844184752365,254,62.93471026223104,852
rdd1_dindx_242,2.2320534223706177,254,30.84041023680163,243
rdd1_dindx_42,1.7312186978297162,254,64.71512497447924,745
rdd1_dindx_45,-0.9766277128547579,254,66.92751009357444,768
rdd1_dindx_92,2.6588759042849195,254,50.1101063170708,1110
rdd1_dindx_125,-0.7078464106844741,254,56.6291355927099,1153
rdd1_dindx_117,1.511964385086255,254,56.337745475448195,1150
rdd1_dindx_107,0.2159154145798553,254,52.35640576585161,1141
rdd1_dindx_49,2.8252643294379522,254,66.84474463118026,794
rdd1_dindx_233,1.4568725653867558,254,34.56232349957654,323
rdd1_dindx_222,0.899276572064552,254,39.993313082268536,445
rdd1_dindx_221,1.9053978853644964,254,41.5333398381137,457
rdd1_dindx_102,0.20923761825264328,254,51.66532925902301,1135
rdd1_dindx_74,-1.8686700055648302,254,50.386072121574074,1002
rdd1_dindx_75,-0.656093489148581,254,50.493080490237446,1001
rdd1_dindx_48,-1.0907067334446299,254,67.72414592639281,782
rdd1_dindx_50,1.4674457429048413,254,62.701132550667026,807
rdd1_dindx_124,0.3739565943238731,254,54.31150850539573,1154
rdd1_dindx_99,-0.15748469671675014,254,51.48515749524193,1130
rdd1_dindx_126,0.2659988870339455,254,53.04942966756024,1158
rdd1_dindx_110,-0.34724540901502504,254,56.32150593273688,1147
rdd1_dindx_215,1.1725097384529772,254,42.32602955573252,541
rdd1_dindx_208,1.4974958263772955,254,44.21813963087789,613
rdd1_dindx_170,0.6438508625486923,254,54.31338025434735,982
rdd1_dindx_151,1.8786867000556482,254,58.935962879034356,1111
rdd1_dindx_166,0.17640511964385086,254,56.425440334657324,1008
rdd1_dindx_159,2.1819699499165277,254,56.764984738753,1063
rdd1_dindx_158,3.721758486366166,254,56.42516320249359,1071
rdd1_dindx_157,0.9443516972732332,254,59.638992014337525,1082
rdd1_dindx_132,0.29104062326099056,254,56.83935903521156,1145
rdd1_dindx_152,1.122426265998887,254,59.65520978639323,1105
rdd1_dindx_153,1.1719532554257095,254,61.03222584202623,1099
rdd1_dindx_155,2.766833611574847,254,59.097654124584984,1094
rdd1_dindx_204,2.880912632164719,254,50.777168304083645,664
rdd1_dindx_198,1.4257095158597664,254,51.255898487717246,733
rdd1_dindx_202,1.4218141346688926,254,47.67276384153157,681
rdd1_dindx_135,0.5091819699499165,254,54.21062562044444,1141
rdd1_dindx_142,2.7406789092932664,254,54.82771699720004,1143
rdd1_dindx_140,-1.9855314412910405,254,54.993537455186384,1138
rdd1_dindx_192,3.794101279910963,254,50.27880983757591,798
rdd1_dindx_139,-1.1402337228714525,254,57.42387795246433,1137
rdd1_dindx_201,1.1969949916527547,254,44.58074192733731,691
rdd1_dindx_71,-0.6349471341124096,254,50.42499692207202,968
rdd1_dindx_65,-1.271563717306622,254,56.55617305455251,929
rdd1_dindx_80,-0.7395659432387313,254,48.23258040358313,1037
rdd1_dindx_228,1.867557039510295,254,39.57466178800035,374
rdd1_dindx_225,1.0884808013355594,254,41.506085209016994,411
rdd1_dindx_230,0.8898163606010017,254,33.17480542339354,346
rdd1_dindx_78,-0.00667779632721202,254,47.50184321097308,1020
rdd1_dindx_149,3.5203116304952697,254,59.239206045509505,1118
rdd1_dindx_129,-0.4357262103505843,254,53.725563618032794,1162
rdd1_dindx_147,-0.19977740678909292,254,58.150062430428655,1125
rdd1_dindx_145,0.5648302726766834,254,58.12025650858698,1128
rdd1_dindx_137,0.6382860322760155,254,59.80213565588139,1141
rdd1_dindx_203,0.27156371730662215,254,47.4257377304759,672
rdd1_dindx_164,0.5982192543127435,254,56.830483926672635,1020
rdd1_dindx_171,1.9003895381190874,254,56.971671731889415,978
rdd1_dindx_162,3.330550918196995,254,58.53263981425457,1050
rdd1_dindx_262,-0.23316638842515303,253,18.78240369407304,116
rdd1_dindx_23,0.9961046188091264,253,35.67071762836586,522
rdd1_dindx_290,0.8970506399554814,253,12.755261320605063,33
rdd1_dindx_257,0.42125765164162493,253,27.194205698481895,145
rdd1_dindx_353,0.13411240957150808,253,5.973447037507041,2
rdd1_dindx_250,0.7979966611018364,253,26.245572780732903,179
rdd1_dindx_247,0.447968836950473,253,24.346304907569447,204
rdd1_dindx_57,-1.9805230940456315,253,59.017584687462794,869
rdd1_dindx_60,-0.9365609348914858,253,55.673519489688395,896
rdd1_dindx_61,1.7328881469115192,253,57.78868778007098,909
rdd1_dindx_36,-1.5258764607679465,253,57.40760182427555,694
rdd1_dindx_47,1.5731775180856984,253,64.32224291261193,779
rdd1_dindx_46,-0.29938786867000555,253,64.5847785222259,778
rdd1_dindx_94,-1.9771841958820255,253,49.120773019037216,1116
rdd1_dindx_95,-0.7573734001112966,253,50.489778216957724,1122
rdd1_dindx_231,-0.05787423483583751,253,32.46959950610072,338
rdd1_dindx_227,0.7111853088480802,253,35.70478960383369,383
rdd1_dindx_224,0.8898163606010017,253,39.55985007873904,424
rdd1_dindx_234,1.563717306622148,253,32.89111185314693,317
rdd1_dindx_51,2.0122426265998885,253,62.43678040539348,819
rdd1_dindx_66,1.0139120756816917,253,54.85216968135741,940
rdd1_dindx_69,-1.381190873678353,253,51.75351390569368,958
rdd1_dindx_73,-0.9827490261547023,253,52.702916097453155,983
rdd1_dindx_112,0.3266555370061213,253,53.52233788677176,1145
rdd1_dindx_118,1.2058987200890372,253,54.27466687479875,1149
rdd1_dindx_122,1.7128547579298832,253,53.43028801931527,1152
rdd1_dindx_121,0.9276572064552031,253,53.1960318531143,1148
rdd1_dindx_97,-0.21981079577072898,253,51.049422160427646,1134
rdd1_dindx_100,-0.9493600445186422,253,53.893763837891164,1135
rdd1_dindx_127,-0.7929883138564274,253,55.281376628313076,1160
rdd1_dindx_104,1.3516972732331665,253,55.734682958024,1145
rdd1_dindx_212,1.7501391207568169,253,44.59291421328006,574
rdd1_dindx_210,3.6132442960489706,253,45.49026940283665,591
rdd1_dindx_216,3.8658875904284917,253,44.15220474210685,529
rdd1_dindx_213,2.5153032832498607,253,45.15674074736477,559
rdd1_dindx_211,0.8274902615470228,253,44.091474966352024,583
rdd1_dindx_89,0.659432387312187,253,52.06815432523428,1090
rdd1_dindx_84,0.771841958820256,253,49.68370998580799,1061
rdd1_dindx_223,1.1680578742348358,253,39.03682640197726,441
rdd1_dindx_154,4.10016694490818,253,59.369793512521895,1102
rdd1_dindx_136,-0.08903728436282693,253,58.727650902639496,1141
rdd1_dindx_131,0.7306622148024485,253,57.70680619859947,1148
rdd1_dindx_130,2.2659988870339456,253,60.78847006359208,1151
rdd1_dindx_134,2.6716750139120755,253,53.26645929933077,1147
rdd1_dindx_197,1.9437952142459656,253,49.047586419933396,740
rdd1_dindx_143,-0.2598775737340011,253,54.50305488966234,1143
rdd1_dindx_141,0.0005564830272676684,253,56.75659007744864,1139
rdd1_dindx_206,1.5114079020589872,253,45.17553112259035,638
rdd1_dindx_172,2.217584863661658,253,53.56989788115513,964
rdd1_dindx_150,1.10740122426266,253,59.64450553387527,1112
rdd1_dindx_173,0.434613244296049,253,53.95819383303138,955
rdd1_dindx_189,0.4034501947690595,253,49.11081638876571,832
rdd1_dindx_163,1.8063439065108515,253,55.37725429853548,1032
rdd1_dindx_180,0.7423483583750695,253,50.99091382659672,902
rdd1_dindx_181,-1.3661658319421257,253,51.48826288327377,887
rdd1_dindx_205,3.132999443516973,252,50.28441762780495,652
rdd1_dindx_196,0.7056204785754034,252,50.7421014971581,752
rdd1_dindx_128,-0.447968836950473,252,53.21913405792591,1157
rdd1_dindx_133,3.067334446299388,252,59.450988743856456,1150
rdd1_dindx_175,3.703394546466333,252,53.680255105049234,943
rdd1_dindx_27,-0.5075125208681135,252,40.84413379869505,583
rdd1_dindx_29,-0.8330550918196995,252,44.40226846596364,609
rdd1_dindx_146,2.1508069003895383,252,55.972457906954524,1127
rdd1_dindx_144,0.5386755703951029,252,54.449542494156546,1136
rdd1_dindx_113,1.0038953811908737,252,55.977830558546685,1147
rdd1_dindx_183,-0.17974401780745689,252,45.54191684134396,881
rdd1_dindx_67,-0.06343906510851419,252,52.17595102440759,950
rdd1_dindx_237,0.525319977740679,252,30.919682496555815,293
rdd1_dindx_115,0.9410127991096272,252,57.1510692108231,1153
rdd1_dindx_114,-0.5436839176405119,252,56.45214470257592,1146
rdd1_dindx_279,1.2203672787979967,252,20.53080715907202,60
rdd1_dindx_305,0.2810239287701725,252,9.599233730431166,9
rdd1_dindx_24,1.8258208124652198,252,38.80924112103739,535
rdd1_dindx_17,-0.8948247078464107,252,31.283711893992425,447
rdd1_dindx_15,-0.3572621035058431,252,28.100687849453738,407
rdd1_dindx_260,0.5932109070673345,252,24.07474954143997,128
rdd1_dindx_76,-0.10907067334446299,252,50.4977485194727,1006
rdd1_dindx_263,0.572064552031163,252,20.438595382594617,112
rdd1_dindx_255,0.38564273789649417,252,24.994175722030263,154
rdd1_dindx_249,1.518642181413467,252,28.816331870373563,185
rdd1_dindx_91,-1.8447412353923205,252,52.208965870904045,1098
rdd1_dindx_229,1.558708959376739,252,37.88602137443556,363
rdd1_dindx_120,1.3650528658875904,252,53.413968634180215,1151
rdd1_dindx_209,2.67779632721202,252,43.33683760545204,597
rdd1_dindx_109,0.9732888146911519,252,57.64390290824149,1140
rdd1_dindx_111,-0.025041736227045076,252,53.63554059455601,1145
rdd1_dindx_103,-2.7239844184752364,252,54.48287318395826,1136
rdd1_dindx_101,-0.6176961602671118,252,54.21886414723996,1140
rdd1_dindx_98,0.9148580968280468,252,48.536546151819444,1133
rdd1_dindx_123,1.0801335559265441,252,53.06487698131135,1153
rdd1_dindx_178,1.3700612131329994,251,49.640549406762894,908
rdd1_dindx_194,0.8614357262103506,251,52.35424953477391,775
rdd1_dindx_408,0.13967723984418476,251,5.919415297946233,1
rdd1_dindx_352,0.13244296048970505,251,5.927519860339173,2
rdd1_dindx_226,0.7178631051752922,251,38.824447981175844,399
rdd1_dindx_239,0.5392320534223706,251,30.495851037766748,275
rdd1_dindx_21,-1.070673344462994,251,31.807224223294043,506
rdd1_dindx_236,1.052309404563161,251,31.87801145477085,302
rdd1_dindx_86,-0.525319977740679,251,49.29608057792814,1073
rdd1_dindx_85,-2.293823038397329,251,47.1912179600387,1069
rdd1_dindx_108,0.6349471341124096,251,56.16964191594995,1133
rdd1_dindx_28,0.015581524763494713,251,42.94770126333708,601
rdd1_dindx_252,0.31552587646076796,251,24.472055961818096,168
rdd1_dindx_258,0.6605453533667223,251,19.273778506898267,136
rdd1_dindx_271,0.41847523650528656,251,14.630247188245841,78
rdd1_dindx_235,1.2415136338341681,251,32.52425303771103,312
rdd1_dindx_245,0.3639398998330551,250,28.605290606785832,221
rdd1_dindx_88,-2.025598219254313,250,50.39635237837186,1083
rdd1_dindx_18,-0.1563717306622148,250,29.626003591158767,461
rdd1_dindx_251,-0.46521981079577074,250,26.36857326868538,172
rdd1_dindx_313,0.10127991096271564,250,8.325580156997287,6
rdd1_dindx_285,0.36839176405119645,250,15.150076991934595,45
rdd1_dindx_79,-0.4769059543683918,250,46.71585148496172,1029
rdd1_dindx_179,-0.9243183082915971,250,45.73108414939549,903
rdd1_dindx_195,1.053978853644964,250,50.85987254734431,767
rdd1_dindx_193,2.0011129660545355,250,51.691833304396766,781
rdd1_dindx_188,2.45353366722315,250,52.19084115992082,852
rdd1_dindx_297,0.771841958820256,250,12.515820932900834,18
rdd1_dindx_291,0.46466332776850305,250,12.045014026328179,29
rdd1_dindx_302,0.2615470228158041,250,8.358850400734346,10
rdd1_dindx_68,2.3294379521424595,250,51.13286985813484,958
rdd1_dindx_232,0.9749582637729549,250,32.87110688503585,333
rdd1_dindx_90,0.8013355592654424,250,53.08740641073253,1096
rdd1_dindx_219,2.440178074568726,250,41.35064453719043,489
rdd1_dindx_238,0.9070673344462994,250,31.730251134945803,284
rdd1_dindx_25,-1.4195882025598219,249,39.36318083997328,551
rdd1_dindx_274,-0.15080690038953812,249,15.996663037698752,73
rdd1_dindx_72,-1.2003338898163607,249,50.47590917138205,979
rdd1_dindx_87,0.8380634390651085,249,50.97412721391351,1077
rdd1_dindx_294,0.6288258208124652,249,11.233927536365474,24
rdd1_dindx_276,1.2170283806343907,249,19.309149943113177,67
rdd1_dindx_244,0.8770172509738453,249,32.1047761310416,230
rdd1_dindx_83,-1.4936004451864218,249,48.94158088660489,1050
rdd1_dindx_116,-0.6360601001669449,249,53.15475450190479,1152
rdd1_dindx_243,1.1769616026711185,248,29.108643863723,236
rdd1_dindx_270,0.526989426822482,248,18.537542424469567,81
rdd1_dindx_351,0.13077351140790205,248,5.856865717206854,2
rdd1_dindx_275,0.2676683361157485,248,16.248937322905828,70
rdd1_dindx_248,0.5475792988313857,248,25.177424743873562,189
rdd1_dindx_265,-0.04062326099053979,248,20.957306609747675,106
rdd1_dindx_266,0.19922092376182526,248,20.34683513485996,103
rdd1_dindx_253,-0.06622148024485253,248,25.94945130776557,163
rdd1_dindx_187,2.282136894824708,248,51.35370572948393,862
rdd1_dindx_306,0.19922092376182526,248,8.932588660810826,8
rdd1_dindx_259,0.8386199220923762,247,22.203480500643664,131
rdd1_dindx_268,0.6488592097941013,247,19.264168735888838,94
rdd1_dindx_288,0.7612687813021702,247,15.627277072714532,35
rdd1_dindx_256,1.2531997774067891,247,24.163717634446062,152
rdd1_dindx_81,1.0511964385086254,247,49.69557458683489,1045
rdd1_dindx_273,-0.09627156371730662,247,14.820280158008755,73
rdd1_dindx_292,0.6215915414579856,246,12.991943101717274,28
rdd1_dindx_269,0.5130773511407902,246,19.90345286893382,88
rdd1_dindx_304,0.13800779076238176,246,8.031371920740936,9
rdd1_dindx_287,0.7384529771841959,246,14.863674200537357,40
rdd1_dindx_296,0.12687813021702837,246,13.254981356678458,18
rdd1_dindx_350,0.14858096828046743,246,5.822324242862131,2
rdd1_dindx_82,-1.5481357818586534,246,49.754606983804955,1044
rdd1_dindx_278,0.9788536449638287,245,19.944820882717618,62
rdd1_dindx_11,-0.7217584863661658,244,26.568742845812086,322
rdd1_dindx_349,0.14802448525319978,244,5.7773869567799405,2
rdd1_dindx_377,0.21535893155258765,243,6.659776187016456,2
rdd1_dindx_367,0.13132999443516974,242,5.708997970786732,2
rdd1_dindx_77,0.7974401780745687,242,46.07663566329809,1007
rdd1_dindx_16,0.5742904841402338,242,31.78642672406661,419
rdd1_dindx_277,0.8464106844741235,242,15.260957809038626,64
rdd1_dindx_282,0.6538675570395103,242,13.980483766059141,50
rdd1_dindx_8,0.05230940456316082,241,24.55929967012759,261
rdd1_dindx_348,0.14691151919866444,241,5.709105642189921,2
rdd1_dindx_267,0.8063439065108514,240,18.209083811830244,99
rdd1_dindx_272,0.14969393433500278,240,16.283327748538156,77
rdd1_dindx_286,0.3789649415692821,239,16.091642892918237,43
rdd1_dindx_264,0.9020589872008904,239,19.068846394785034,109
rdd1_dindx_347,0.14524207011686144,239,5.659956671814918,2
rdd1_dindx_366,0.12799109627156371,239,5.640528379951684,2
rdd1_dindx_19,-1.0751252086811351,238,30.249039206188208,473
rdd1_dindx_303,0.22537562604340566,238,6.7829749749724995,9
rdd1_dindx_280,1.33889816360601,237,17.984606832683063,57
rdd1_dindx_261,0.23427935447968837,236,18.737093400808163,120
rdd1_dindx_376,0.20812465219810797,236,6.445791308065516,2
rdd1_dindx_365,0.12576516416249303,235,5.546263014818973,2
rdd1_dindx_281,0.8636616583194212,234,14.893829362926786,54
rdd1_dindx_5,-0.9616026711185309,233,24.649127650397737,204
rdd1_dindx_364,0.12409571508069003,232,5.475565526807461,2
rdd1_dindx_13,-1.4424040066777963,232,29.36037942965022,360
rdd1_dindx_308,0.11741791875347801,231,7.961098545402295,8
rdd1_dindx_301,0.16304952698942682,231,8.331715808133888,10
rdd1_dindx_20,1.261547022815804,230,32.07917543090547,486
rdd1_dindx_289,0.7206455203116305,228,13.00694913045936,34
rdd1_dindx_10,0.3500278241513634,226,21.909497061562146,303
rdd1_dindx_7,0.03728436282693378,224,20.586861486357776,236
rdd1_dindx_363,0.11908736783528102,223,5.263481527185654,2
rdd1_dindx_12,0.6449638286032277,222,26.40451436633321,345
rdd1_dindx_354,0.11686143572621036,221,5.218511798005212,2
rdd1_dindx_362,0.11797440178074568,220,5.191866280445284,2
rdd1_dindx_406,0.12242626599888703,220,5.188332133658053,1
rdd1_dindx_346,0.11519198664440734,218,5.147850487376354,2
rdd1_dindx_345,0.11352253756260434,215,5.077191646492449,2
rdd1_dindx_361,0.11519198664440734,215,5.074029331350579,2
rdd1_dindx_344,0.112409571508069,213,5.030087176047708,2
rdd1_dindx_310,0.3533667223149694,213,7.308931886827424,8
rdd1_dindx_405,0.11853088480801335,213,5.023248838496205,1
rdd1_dindx_4,-0.051196438508625486,212,24.222090685974788,181
rdd1_dindx_400,0.11797440178074568,212,4.999665510615942,1
rdd1_dindx_360,0.11352253756260434,212,5.003328964272543,2
rdd1_dindx_14,-0.864218141346689,211,26.559692948097332,387
rdd1_dindx_414,0.11686143572621036,210,4.952498854855413,1
rdd1_dindx_299,-0.01669449081803005,208,7.237734973653398,13
rdd1_dindx_284,0.5225375626043406,206,11.57791195347421,45
rdd1_dindx_343,0.10962715637173066,206,4.862917926196709,2
rdd1_dindx_404,0.11407902058987202,205,4.834582215454094,1
rdd1_dindx_342,0.10517529215358931,203,4.79897050438302,2
rdd1_dindx_413,0.11296605453533667,203,4.7874155596935655,1
rdd1_dindx_341,0.10239287701725097,199,4.706592051867071,2
rdd1_dindx_2,0.8119087367835282,197,25.206773444138484,118
rdd1_dindx_298,0.2125765164162493,196,7.664021552749357,14
rdd1_dindx_340,0.1001669449081803,195,4.612531016279032,2
rdd1_dindx_339,0.09794101279910963,192,4.5439033363604615,2
rdd1_dindx_300,0.1686143572621035,188,5.1138354702055615,11
rdd1_dindx_338,0.09849749582637729,188,4.441392665072949,2
rdd1_dindx_3,-0.10573177518085698,187,23.503393839195468,152
rdd1_dindx_375,0.17696160267111852,186,5.377446575247789,2
rdd1_dindx_337,0.09682804674457429,185,4.370765423115151,2
rdd1_dindx_374,0.17417918753478018,184,5.298149208786514,2
rdd1_dindx_323,0.17640511964385086,183,5.511109818224684,3
rdd1_dindx_6,0.26655537006121316,183,19.484156198849305,219
rdd1_dindx_293,0.2843628269337785,183,7.928860471599628,25
rdd1_dindx_359,0.09738452977184196,183,4.31997584105203,2
rdd1_dindx_373,0.17195325542570952,182,5.232484172930002,2
rdd1_dindx_336,0.09404563160823595,181,4.278110497803678,2
rdd1_dindx_9,-2.23149693934335,179,23.01933204717924,284
rdd1_dindx_330,0.09237618252643294,177,4.182446395169938,2
rdd1_dindx_322,0.16471897607122982,177,5.230642729423705,3
rdd1_dindx_379,0.18252643294379522,177,5.485354169721012,2
rdd1_dindx_358,0.09348914858096828,177,4.179759761705817,2
rdd1_dindx_0,-0.38397328881469117,176,25.044057544050986,64
rdd1_dindx_1,0.36449638286032277,176,30.433578521960317,106
rdd1_dindx_412,0.09738452977184196,175,4.127082379046178,1
rdd1_dindx_329,0.09126321647189761,174,4.110401374756716,2
rdd1_dindx_321,0.224819143016138,171,5.772306087350747,4
rdd1_dindx_312,0.16249304396215916,170,6.410834944981749,7
rdd1_dindx_328,0.0895937673900946,170,4.0148982017093715,2
rdd1_dindx_327,0.0879243183082916,167,3.944248925578443,2
rdd1_dindx_317,0.2609905397885364,164,5.766973468997386,5
rdd1_dindx_311,0.22982749026154703,164,5.399359040183298,7
rdd1_dindx_326,0.08569838619922092,163,3.850055644180511,2
rdd1_dindx_407,0.0895937673900946,161,3.7969157887224836,1
rdd1_dindx_390,0.0879243183082916,158,3.7261658050816915,1
rdd1_dindx_320,0.17139677239844184,156,4.796655867293205,4
rdd1_dindx_325,0.08235948803561491,156,3.6839384875512806,2
rdd1_dindx_283,0.2498608792431831,154,9.159892143271147,46
rdd1_dindx_309,0.2654424040066778,153,5.98869199541643,7
rdd1_dindx_319,0.14691151919866444,151,4.570185697105487,4
rdd1_dindx_314,0.112409571508069,149,4.773284800143468,5
rdd1_dindx_378,0.08347245409015025,148,3.49062494559187,2
rdd1_dindx_324,0.0773511407902059,148,3.4968980762238617,2
rdd1_dindx_389,0.07846410684474124,141,3.3252492311172066,1
rdd1_dindx_388,0.0773511407902059,139,3.2780825753566787,1
rdd1_dindx_318,0.17640511964385086,134,4.433587064157676,5
rdd1_dindx_387,0.07456872565386756,134,3.1601659359553587,1
rdd1_dindx_399,0.07289927657206455,131,3.0894159523145674,1
rdd1_dindx_398,0.07178631051752922,129,3.04224929655404,1
rdd1_dindx_335,0.06343906510851419,128,3.036851013322204,2
rdd1_dindx_372,0.06622148024485253,125,2.951388724921395,2
rdd1_dindx_386,0.06956037840845854,125,2.947915985032984,1
rdd1_dindx_334,0.06121313299944352,124,2.943094740738144,2
rdd1_dindx_385,0.06789092932665554,122,2.8771660013921925,1
rdd1_dindx_333,0.05898720089037284,121,2.875621183934399,2
rdd1_dindx_355,0.06065664997217585,120,2.8420082353448533,2
rdd1_dindx_371,0.06065664997217585,119,2.816438393197759,2
rdd1_dindx_397,0.06622148024485253,119,2.8064160177514013,1
rdd1_dindx_384,0.06566499721758487,118,2.7828326898711375,1
rdd1_dindx_332,0.05787423483583751,118,2.8025329468110884,2
rdd1_dindx_357,0.06010016694490818,117,2.7675186097674187,2
rdd1_dindx_383,0.06455203116304953,116,2.735666034110609,1
rdd1_dindx_331,0.05787423483583751,115,2.7246051190689027,2
rdd1_dindx_396,0.06343906510851419,114,2.6884993783500817,1
rdd1_dindx_356,0.05787423483583751,114,2.6989539266240823,2
rdd1_dindx_382,0.06288258208124652,113,2.664916050469818,1
rdd1_dindx_395,0.06232609905397885,112,2.6413327225895538,1
rdd1_dindx_370,0.0562047857540345,111,2.628481824884861,2
rdd1_dindx_394,0.06121313299944352,110,2.5941660668290263,1
rdd1_dindx_316,0.21035058430717862,110,4.440447938666893,5
rdd1_dindx_393,0.06010016694490818,108,2.5469994110684984,1
rdd1_dindx_315,0.1880912632164719,107,4.069131674420104,5
rdd1_dindx_381,0.05954368391764051,107,2.5234160831882346,1
rdd1_dindx_369,0.053978853644963826,107,2.5345431077954617,2
rdd1_dindx_392,0.05898720089037284,106,2.499832755307971,1
rdd1_dindx_368,0.054535336672231496,104,2.456823092728246,2
rdd1_dindx_391,0.057317751808569836,103,2.4290827716671792,1
rdd1_dindx_416,0.057317751808569836,103,2.4290827716671792,1
rdd1_dindx_415,0.054535336672231496,98,2.3111661322658597,1
rdd1_dindx_403,0.054535336672231496,98,2.3111661322658597,1
rdd1_dindx_380,0.05230940456316082,94,2.2168328207448043,1
rdd1_dindx_402,0.04006677796327212,72,1.6979996073789987,1
rdd1_dindx_401,0.022259321090706732,40,0.943333115210555,1
rdd1_dindx_411,0.016138007790762382,29,0.6839165085276523,1
rdd1_dindx_410,0.004451864218141347,8,0.18866662304211101,1
rdd1_dindx_409,0.001669449081803005,3,0.07074998364079162,1
rdd1_dindx_491,0.0,0,0.0,0
rdd1_dindx_490,0.0,0,0.0,0
rdd1_dindx_489,0.0,0,0.0,0
rdd1_dindx_488,0.0,0,0.0,0
rdd1_dindx_487,0.0,0,0.0,0
rdd1_dindx_486,0.0,0,0.0,0
rdd1_dindx_485,0.0,0,0.0,0
rdd1_dindx_493,0.0,0,0.0,0
rdd1_dindx_478,0.0,0,0.0,0
rdd1_dindx_479,0.0,0,0.0,0
rdd1_dindx_480,0.0,0,0.0,0
rdd1_dindx_481,0.0,0,0.0,0
rdd1_dindx_482,0.0,0,0.0,0
rdd1_dindx_483,0.0,0,0.0,0
rdd1_dindx_484,0.0,0,0.0,0
rdd1_dindx_492,0.0,0,0.0,0
rdd1_dindx_496,0.0,0,0.0,0
rdd1_dindx_499,0.0,0,0.0,0
rdd1_dindx_497,0.0,0,0.0,0
rdd1_dindx_501,0.0,0,0.0,0
rdd1_dindx_502,0.0,0,0.0,0
rdd1_dindx_503,0.0,0,0.0,0
rdd1_dindx_498,0.0,0,0.0,0
rdd1_dindx_504,0.0,0,0.0,0
rdd1_dindx_505,0.0,0,0.0,0
rdd1_dindx_507,0.0,0,0.0,0
rdd1_dindx_506,0.0,0,0.0,0
rdd1_dindx_508,0.0,0,0.0,0
rdd1_dindx_509,0.0,0,0.0,0
rdd1_dindx_510,0.0,0,0.0,0
rdd1_dindx_500,0.0,0,0.0,0
rdd1_dindx_511,0.0,0,0.0,0
rdd1_dindx_417,0.0,0,0.0,0
rdd1_dindx_418,0.0,0,0.0,0
rdd1_dindx_419,0.0,0,0.0,0
rdd1_dindx_420,0.0,0,0.0,0
rdd1_dindx_421,0.0,0,0.0,0
rdd1_dindx_422,0.0,0,0.0,0
rdd1_dindx_423,0.0,0,0.0,0
rdd1_dindx_424,0.0,0,0.0,0
rdd1_dindx_425,0.0,0,0.0,0
rdd1_dindx_426,0.0,0,0.0,0
rdd1_dindx_427,0.0,0,0.0,0
rdd1_dindx_428,0.0,0,0.0,0
rdd1_dindx_429,0.0,0,0.0,0
rdd1_dindx_430,0.0,0,0.0,0
rdd1_dindx_431,0.0,0,0.0,0
rdd1_dindx_432,0.0,0,0.0,0
rdd1_dindx_433,0.0,0,0.0,0
rdd1_dindx_434,0.0,0,0.0,0
rdd1_dindx_435,0.0,0,0.0,0
rdd1_dindx_436,0.0,0,0.0,0
rdd1_dindx_437,0.0,0,0.0,0
rdd1_dindx_438,0.0,0,0.0,0
rdd1_dindx_439,0.0,0,0.0,0
rdd1_dindx_440,0.0,0,0.0,0
rdd1_dindx_441,0.0,0,0.0,0
rdd1_dindx_442,0.0,0,0.0,0
rdd1_dindx_443,0.0,0,0.0,0
rdd1_dindx_444,0.0,0,0.0,0
rdd1_dindx_445,0.0,0,0.0,0
rdd1_dindx_446,0.0,0,0.0,0
rdd1_dindx_447,0.0,0,0.0,0
rdd1_dindx_448,0.0,0,0.0,0
rdd1_dindx_449,0.0,0,0.0,0
rdd1_dindx_450,0.0,0,0.0,0
rdd1_dindx_451,0.0,0,0.0,0
rdd1_dindx_452,0.0,0,0.0,0
rdd1_dindx_453,0.0,0,0.0,0
rdd1_dindx_454,0.0,0,0.0,0
rdd1_dindx_455,0.0,0,0.0,0
rdd1_dindx_456,0.0,0,0.0,0
rdd1_dindx_457,0.0,0,0.0,0
rdd1_dindx_458,0.0,0,0.0,0
rdd1_dindx_459,0.0,0,0.0,0
rdd1_dindx_460,0.0,0,0.0,0
rdd1_dindx_461,0.0,0,0.0,0
rdd1_dindx_462,0.0,0,0.0,0
rdd1_dindx_463,0.0,0,0.0,0
rdd1_dindx_464,0.0,0,0.0,0
rdd1_dindx_465,0.0,0,0.0,0
rdd1_dindx_466,0.0,0,0.0,0
rdd1_dindx_467,0.0,0,0.0,0
rdd1_dindx_468,0.0,0,0.0,0
rdd1_dindx_469,0.0,0,0.0,0
rdd1_dindx_470,0.0,0,0.0,0
rdd1_dindx_471,0.0,0,0.0,0
rdd1_dindx_472,0.0,0,0.0,0
rdd1_dindx_473,0.0,0,0.0,0
rdd1_dindx_474,0.0,0,0.0,0
rdd1_dindx_475,0.0,0,0.0,0
rdd1_dindx_476,0.0,0,0.0,0
rdd1_dindx_477,0.0,0,0.0,0
rdd1_dindx_494,0.0,0,0.0,0
rdd1_dindx_495,0.0,0,0.0,0
