column,mean_diff,max_diff,std_diff,significant_count,total_count,significant_percentage
rdd1_dindx_129,0.6738382099827883,254,66.81041191312447,1162,1797,64.66332776850307
rdd1_dindx_127,1.228448275862069,253,68.80172951168487,1160,1797,64.55203116304953
rdd1_dindx_126,-0.41278065630397237,254,66.08417390309482,1158,1797,64.44073455759599
rdd1_dindx_128,0.6957649092480553,252,66.32338019083329,1157,1797,64.38508625486922
rdd1_dindx_119,-1.2034632034632036,255,66.53554976060254,1155,1797,64.27378964941569
rdd1_dindx_124,-0.5823223570190641,254,67.77308632460192,1154,1797,64.21814134668892
rdd1_dindx_115,-1.466608846487424,252,71.34291670849878,1153,1797,64.16249304396216
rdd1_dindx_123,-1.6834345186470079,252,66.2393846155028,1153,1797,64.16249304396216
rdd1_dindx_125,1.1032090199479618,254,70.69364367440765,1153,1797,64.16249304396216
rdd1_dindx_122,-2.671875,253,66.71297850232024,1152,1797,64.10684474123539
rdd1_dindx_116,0.9921875,249,66.3853892377127,1152,1797,64.10684474123539
rdd1_dindx_120,-2.1311902693310163,252,66.72853826903129,1151,1797,64.05119643850863
rdd1_dindx_130,-3.5377932232841007,253,75.92558949309408,1151,1797,64.05119643850863
rdd1_dindx_133,-4.79304347826087,252,74.26064991312592,1150,1797,63.99554813578185
rdd1_dindx_117,-2.362608695652174,254,70.41036109633615,1150,1797,63.99554813578185
rdd1_dindx_118,-1.885987815491732,253,67.86576152832019,1149,1797,63.939899833055094
rdd1_dindx_121,-1.4520905923344947,253,66.54953072098579,1148,1797,63.88425153032833
rdd1_dindx_131,-1.1437282229965158,253,72.19555376415433,1148,1797,63.88425153032833
rdd1_dindx_134,-4.185701830863121,253,66.6248684789274,1147,1797,63.828603227601555
rdd1_dindx_110,0.5440278988666085,254,70.49558363303393,1147,1797,63.828603227601555
rdd1_dindx_113,-1.5727986050566696,252,70.0597868439604,1147,1797,63.828603227601555
rdd1_dindx_114,0.8525305410122164,252,70.68882031361885,1146,1797,63.77295492487479
rdd1_dindx_112,-0.5126637554585153,253,67.05046047649223,1145,1797,63.71730662214803
rdd1_dindx_111,0.039301310043668124,252,67.19298434630926,1145,1797,63.71730662214803
rdd1_dindx_106,-1.8803493449781659,255,71.71920383694032,1145,1797,63.71730662214803
rdd1_dindx_132,-0.45676855895196505,254,71.20610413731173,1145,1797,63.71730662214803
rdd1_dindx_104,-2.121397379912664,253,69.81103706337504,1145,1797,63.71730662214803
rdd1_dindx_143,0.40857392825896766,253,68.3390510121549,1143,1797,63.60601001669449
rdd1_dindx_142,-4.308836395450569,254,68.69741673654892,1143,1797,63.60601001669449
rdd1_dindx_107,-0.34005258545135847,254,65.7050753911903,1141,1797,63.49471341124095
rdd1_dindx_137,-1.0052585451358458,254,75.04706071553339,1141,1797,63.49471341124095
rdd1_dindx_136,0.14022787028921999,253,73.70103025821608,1141,1797,63.49471341124095
rdd1_dindx_135,-0.8019281332164768,254,68.03065012545922,1141,1797,63.49471341124095
rdd1_dindx_109,-1.5342105263157895,252,72.36679030060556,1140,1797,63.43906510851419
rdd1_dindx_101,0.9736842105263158,252,68.07000531268305,1140,1797,63.43906510851419
rdd1_dindx_141,-0.000877963125548727,253,71.28997653441519,1139,1797,63.38341680578742
rdd1_dindx_138,-3.8446005267778753,255,76.74545165471878,1139,1797,63.38341680578742
rdd1_dindx_140,3.1353251318101933,254,69.0797224165483,1138,1797,63.32776850306065
rdd1_dindx_139,1.8021108179419525,254,72.18328130063311,1137,1797,63.272120200333895
rdd1_dindx_105,1.3623570800351803,255,71.69827518096417,1137,1797,63.272120200333895
rdd1_dindx_103,4.308978873239437,252,68.47448988090571,1136,1797,63.21647189760712
rdd1_dindx_144,-0.852112676056338,252,68.4804713792577,1136,1797,63.21647189760712
rdd1_dindx_100,1.5030837004405286,253,67.80712305965616,1135,1797,63.160823594880355
rdd1_dindx_102,-0.3312775330396476,254,65.00896203650652,1135,1797,63.160823594880355
rdd1_dindx_97,0.34832451499118167,253,64.26225898061408,1134,1797,63.10517529215359
rdd1_dindx_108,-1.0070609002647837,251,70.73664809351968,1133,1797,63.049526989426816
rdd1_dindx_98,-1.4510150044130627,252,61.119914050148736,1133,1797,63.049526989426816
rdd1_dindx_99,0.2504424778761062,254,64.92555386018667,1130,1797,62.88258208124652
rdd1_dindx_145,-0.899822695035461,254,73.35586581599287,1128,1797,62.77128547579299
rdd1_dindx_96,-0.99822695035461,255,62.196796430507554,1128,1797,62.77128547579299
rdd1_dindx_146,-3.429458740017746,252,70.64733101013242,1127,1797,62.71563717306622
rdd1_dindx_147,0.3191111111111111,254,73.49307715915144,1125,1797,62.604340567612695
rdd1_dindx_148,-3.305431878895815,255,77.25971417518045,1123,1797,62.493043962159156
rdd1_dindx_95,1.21301247771836,253,63.892763950394865,1122,1797,62.43739565943238
rdd1_dindx_149,-5.658318425760286,254,75.02329678506322,1118,1797,62.21480244852532
rdd1_dindx_94,3.1836917562724016,253,62.30061632899859,1116,1797,62.10350584307178
rdd1_dindx_93,0.4609164420485175,255,65.4797935942925,1113,1797,61.93656093489148
rdd1_dindx_150,-1.789568345323741,253,75.81339951391732,1112,1797,61.88091263216472
rdd1_dindx_151,-3.038703870387039,254,74.93092730339636,1111,1797,61.82526432943796
rdd1_dindx_92,-4.3045045045045045,254,63.70289340648577,1110,1797,61.769616026711184
rdd1_dindx_152,-1.825339366515837,254,76.06644684282335,1105,1797,61.491374513077346
rdd1_dindx_154,-6.686025408348457,253,75.69978054035424,1102,1797,61.32442960489705
rdd1_dindx_153,-1.916287534121929,254,78.03394130090324,1099,1797,61.15748469671674
rdd1_dindx_91,3.019125683060109,252,66.76445422703422,1098,1797,61.101836393989984
rdd1_dindx_90,-1.313868613138686,250,67.9717767562302,1096,1797,60.990539788536445
rdd1_dindx_155,-4.544789762340036,254,75.6884387947469,1094,1797,60.87924318308292
rdd1_dindx_89,-1.0871559633027523,253,66.85138055969483,1090,1797,60.65664997217585
rdd1_dindx_88,3.361034164358264,250,64.88249080995797,1083,1797,60.26711185308849
rdd1_dindx_156,-3.425138632162662,255,71.47166001328581,1082,1797,60.211463550361714
rdd1_dindx_157,-1.5683918669131238,254,76.85191992474884,1082,1797,60.211463550361714
rdd1_dindx_87,-1.3983286908077994,249,65.83801706591292,1077,1797,59.933222036727884
rdd1_dindx_86,0.8797763280521901,251,63.79254508287998,1073,1797,59.71062882582081
rdd1_dindx_158,-6.244631185807656,254,72.98116295487392,1071,1797,59.59933222036727
rdd1_dindx_85,3.8559401309635173,251,61.13595558487752,1069,1797,59.48803561491375
rdd1_dindx_159,-3.688617121354657,254,73.76770595861177,1063,1797,59.154145798553145
rdd1_dindx_160,0.3229755178907721,254,73.77006713741632,1062,1797,59.09849749582637
rdd1_dindx_84,-1.3072573044297833,253,64.65379296301192,1061,1797,59.04284919309961
rdd1_dindx_161,-2.4761904761904763,255,79.19838805936529,1050,1797,58.43071786310517
rdd1_dindx_162,-5.7,254,76.48508413565416,1050,1797,58.43071786310517
rdd1_dindx_83,2.5561904761904763,249,64.00493422022357,1050,1797,58.43071786310517
rdd1_dindx_81,-1.8076555023923444,247,65.15739015363121,1045,1797,58.152476349471335
rdd1_dindx_82,2.664750957854406,246,65.25373892221643,1044,1797,58.09682804674458
rdd1_dindx_80,1.2815814850530376,254,63.4874286389403,1037,1797,57.7072899276572
rdd1_dindx_163,-3.145348837209302,253,73.0456358739326,1032,1797,57.42904841402338
rdd1_dindx_79,0.8328474246841594,250,61.732480702780684,1029,1797,57.26210350584308
rdd1_dindx_78,0.011764705882352941,254,63.0499013295828,1020,1797,56.761268781302164
rdd1_dindx_164,-1.053921568627451,254,75.42876157578483,1020,1797,56.761268781302164
rdd1_dindx_165,-0.5623159960745829,254,70.09635029560198,1019,1797,56.705620478575405
rdd1_dindx_166,-0.314484126984127,254,75.33851718186685,1008,1797,56.093489148580964
rdd1_dindx_77,-1.423038728897716,242,61.54446955956249,1007,1797,56.037840845854205
rdd1_dindx_76,0.19483101391650098,252,67.49106275508194,1006,1797,55.98219254312743
rdd1_dindx_74,3.3512974051896207,254,67.43938169132008,1002,1797,55.75959933222037
rdd1_dindx_75,1.1778221778221778,254,67.64873979355927,1001,1797,55.7039510294936
rdd1_dindx_167,-2.3196392785571143,254,76.2644055518595,998,1797,55.537006121313304
rdd1_dindx_168,-3.8002008032128516,254,77.04638747697942,996,1797,55.425709515859765
rdd1_dindx_169,-2.3653846153846154,254,71.35625890113803,988,1797,54.98052309404563
rdd1_dindx_73,1.7965412004069177,253,71.24746115117637,983,1797,54.70228158041179
rdd1_dindx_170,-1.1782077393075356,254,73.46826776421615,982,1797,54.646633277685034
rdd1_dindx_72,2.203268641470889,249,68.36978519507265,979,1797,54.47968836950473
rdd1_dindx_171,-3.4918200408997957,254,77.19001886800437,978,1797,54.42404006677797
rdd1_dindx_71,1.1787190082644627,254,68.69936964845162,968,1797,53.867557039510295
rdd1_dindx_172,-4.1338174273858925,253,73.08606120088004,964,1797,53.64496382860323
rdd1_dindx_70,-0.8822916666666667,255,69.72019747831277,960,1797,53.42237061769616
rdd1_dindx_68,-4.369519832985386,250,69.96750804199475,958,1797,53.311074012242635
rdd1_dindx_69,2.5908141962421714,253,70.85910038723196,958,1797,53.311074012242635
rdd1_dindx_173,-0.8178010471204189,253,74.01458960028513,955,1797,53.14412910406232
rdd1_dindx_174,-4.5472689075630255,255,72.46732002449609,952,1797,52.97718419588202
rdd1_dindx_67,0.12,252,71.75998239746308,950,1797,52.86588759042849
rdd1_dindx_175,-7.057264050901378,252,73.942605552891,943,1797,52.47634947134112
rdd1_dindx_66,-1.9382978723404256,253,75.82916424631259,940,1797,52.309404563160825
rdd1_dindx_176,-4.20042872454448,254,74.99758852735211,933,1797,51.919866444073456
rdd1_dindx_64,3.523605150214592,255,81.60237047837268,932,1797,51.86421814134668
rdd1_dindx_65,2.459634015069968,254,78.64001955933327,929,1797,51.697273233166385
rdd1_dindx_177,0.16972972972972972,254,70.82908512699395,925,1797,51.47468002225932
rdd1_dindx_63,-3.4123376623376624,254,79.5636088701367,924,1797,51.41903171953256
rdd1_dindx_62,0.1912568306010929,254,75.64306121808025,915,1797,50.918196994991646
rdd1_dindx_61,-3.4257425742574257,253,81.21646799050932,909,1797,50.58430717863105
rdd1_dindx_178,-2.711453744493392,251,69.80807863263405,908,1797,50.528658875904284
rdd1_dindx_179,1.8394241417497232,250,64.49912407228041,903,1797,50.25041736227045
rdd1_dindx_180,-1.4789356984478936,253,71.96443057543681,902,1797,50.19476905954369
rdd1_dindx_60,1.8783482142857142,253,78.83279193820047,896,1797,49.860879243183085
rdd1_dindx_59,-5.317925591882751,254,83.61424513702418,887,1797,49.360044518642184
rdd1_dindx_181,2.767756482525366,253,73.25943581241174,887,1797,49.360044518642184
rdd1_dindx_182,1.3575482406356414,254,69.18801288040059,881,1797,49.02615470228158
rdd1_dindx_183,0.36662883087400683,252,65.0419979477473,881,1797,49.02615470228158
rdd1_dindx_58,2.6340909090909093,254,84.63155558919073,880,1797,48.970506399554814
rdd1_dindx_184,-2.521239954075775,254,72.01185765559039,871,1797,48.46967167501391
rdd1_dindx_56,0.25517241379310346,254,88.06623259695426,870,1797,48.41402337228715
rdd1_dindx_185,-0.5466052934407365,254,74.87898455088217,869,1797,48.35837506956038
rdd1_dindx_57,4.095512082853855,253,84.81726836694455,869,1797,48.35837506956038
rdd1_dindx_187,-4.75754060324826,248,74.06730436157294,862,1797,47.96883695047301
rdd1_dindx_186,-2.9651162790697674,254,75.73671464961173,860,1797,47.85754034501948
rdd1_dindx_188,-5.174882629107981,250,75.70343780752789,852,1797,47.412353923205345
rdd1_dindx_54,0.16314553990610328,254,90.14688276770687,852,1797,47.412353923205345
rdd1_dindx_55,-4.724178403755869,254,91.33541202908192,852,1797,47.412353923205345
rdd1_dindx_53,-0.39166666666666666,255,90.37871471432142,840,1797,46.744574290484145
rdd1_dindx_189,-0.8713942307692307,253,72.17262991351392,832,1797,46.29938786867
rdd1_dindx_52,2.7716346153846154,255,93.69792534862084,832,1797,46.29938786867
rdd1_dindx_190,-2.7970838396111786,254,72.62265455795459,823,1797,45.79855314412911
rdd1_dindx_51,-4.415140415140415,253,92.42790050371615,819,1797,45.57595993322204
rdd1_dindx_191,-2.962962962962963,254,73.62416143343438,810,1797,45.07512520868113
rdd1_dindx_50,-3.2676579925650557,254,93.53339453519177,807,1797,44.90818030050083
rdd1_dindx_192,-8.543859649122806,254,75.18030094556696,798,1797,44.40734557595994
rdd1_dindx_49,-6.394206549118388,254,100.44781101256902,794,1797,44.184752365052866
rdd1_dindx_48,2.506393861892583,254,102.64577599668931,782,1797,43.516972732331666
rdd1_dindx_193,-4.604353393085788,250,78.3333494127227,781,1797,43.4613244296049
rdd1_dindx_47,-3.6290115532734273,253,97.65549323303075,779,1797,43.35002782415137
rdd1_dindx_46,0.6915167095115681,253,98.15406783945453,778,1797,43.294379521424595
rdd1_dindx_194,-1.9974193548387096,251,79.70720609215762,775,1797,43.1274346132443
rdd1_dindx_45,2.28515625,254,102.3613808018585,768,1797,42.73789649415693
rdd1_dindx_195,-2.469361147327249,250,77.8262953151842,767,1797,42.68224819143016
rdd1_dindx_44,-8.699080157687254,255,101.96777523837878,761,1797,42.34835837506956
rdd1_dindx_43,-0.535006605019815,255,99.20706979807122,757,1797,42.125765164162495
rdd1_dindx_196,-1.6861702127659575,252,78.42873455871684,752,1797,41.84752365052866
rdd1_dindx_42,-4.175838926174497,254,100.45745010706933,745,1797,41.457985531441295
rdd1_dindx_197,-4.72027027027027,253,76.34632237683421,740,1797,41.17974401780746
rdd1_dindx_41,-1.3017591339648173,254,94.24872592192851,739,1797,41.124095715080685
rdd1_dindx_40,-3.0122783083219646,254,96.45727899192237,733,1797,40.79020589872009
rdd1_dindx_198,-3.495225102319236,254,80.20877629280966,733,1797,40.79020589872009
rdd1_dindx_39,-5.667582417582418,254,96.58152590895708,728,1797,40.51196438508626
rdd1_dindx_38,-0.8256624825662483,254,92.9488484860458,717,1797,39.89983305509182
rdd1_dindx_199,-0.8491620111731844,255,78.25693348811068,716,1797,39.84418475236505
rdd1_dindx_200,-1.6775568181818181,255,79.01261950953237,704,1797,39.17640511964385
rdd1_dindx_37,-4.632478632478633,254,96.60954088278692,702,1797,39.065108514190314
rdd1_dindx_36,3.951008645533141,253,92.32509231998253,694,1797,38.61992209237618
rdd1_dindx_35,-6.547687861271676,254,87.03196398318046,692,1797,38.50862548692265
rdd1_dindx_201,-3.1128798842257597,254,71.85079808723657,691,1797,38.45297718419588
rdd1_dindx_202,-3.751835535976505,254,77.38451259985143,681,1797,37.89649415692821
rdd1_dindx_34,-2.03397341211226,254,83.22051838562125,677,1797,37.67390094602114
rdd1_dindx_203,-0.7261904761904762,254,77.55174558080807,672,1797,37.39565943238731
rdd1_dindx_33,0.8995502248875562,255,86.14245262195486,667,1797,37.117417918753475
rdd1_dindx_204,-7.796686746987952,254,83.30335000198056,664,1797,36.95047301057318
rdd1_dindx_205,-8.634969325153374,252,83.195194405917,652,1797,36.28269337785198
rdd1_dindx_32,1.0153846153846153,254,83.45286874502966,650,1797,36.17139677239844
rdd1_dindx_31,3.031347962382445,254,80.35258678012944,638,1797,35.50361713967724
rdd1_dindx_206,-4.25705329153605,253,75.73994282595737,638,1797,35.50361713967724
rdd1_dindx_207,-4.334920634920635,255,80.41486014991389,630,1797,35.058430717863104
rdd1_dindx_30,-5.847512038523274,254,78.6146555474471,623,1797,34.668892598775734
rdd1_dindx_208,-4.389885807504078,254,75.62453205649255,613,1797,34.11240957150807
rdd1_dindx_29,2.458128078817734,252,76.24676021829748,609,1797,33.889816360601
rdd1_dindx_28,-0.04658901830282862,251,74.2637147398885,601,1797,33.44462993878687
rdd1_dindx_209,-8.06030150753769,252,74.89816457828272,597,1797,33.2220367278798
rdd1_dindx_210,-10.986463620981388,253,78.81068034362467,591,1797,32.8881469115192
rdd1_dindx_27,1.5643224699828473,252,71.69677594426177,583,1797,32.442960489705065
rdd1_dindx_211,-2.550600343053173,253,77.38112952347701,583,1797,32.442960489705065
rdd1_dindx_212,-5.479094076655052,253,78.771681370521,574,1797,31.942125765164164
rdd1_dindx_26,-0.3823008849557522,254,70.97966084106777,565,1797,31.44129104062326
rdd1_dindx_213,-8.085867620751342,253,80.68512395618569,559,1797,31.10740122426266
rdd1_dindx_214,-5.3502722323049,255,77.6614341999609,551,1797,30.662214802448524
rdd1_dindx_25,4.6297640653357535,249,70.9820977899315,551,1797,30.662214802448524
rdd1_dindx_215,-3.8946395563770797,254,77.07183909585163,541,1797,30.105731775180857
rdd1_dindx_24,-6.132710280373832,252,70.94072262318197,535,1797,29.771841958820254
rdd1_dindx_216,-13.132325141776938,253,80.62525904168554,529,1797,29.437952142459658
rdd1_dindx_23,-3.42911877394636,253,66.12057773194803,522,1797,29.04841402337229
rdd1_dindx_22,0.1102514506769826,254,66.7910033968125,517,1797,28.77017250973845
rdd1_dindx_217,-5.960861056751468,255,80.40254906851244,511,1797,28.43628269337785
rdd1_dindx_21,3.802371541501976,251,59.85437263249483,506,1797,28.15804117974402
rdd1_dindx_218,-6.566600397614314,255,79.44741460643937,503,1797,27.991096271563716
rdd1_dindx_219,-8.967280163599183,250,78.89867536531955,489,1797,27.212020033388985
rdd1_dindx_20,-4.6646090534979425,230,61.55612934743466,486,1797,27.04507512520868
rdd1_dindx_220,-7.539112050739957,255,87.68899885953451,473,1797,26.32164718976071
rdd1_dindx_19,4.084566596194503,238,58.855335910966566,473,1797,26.32164718976071
rdd1_dindx_18,0.6095444685466378,250,58.48966236050852,461,1797,25.65386755703951
rdd1_dindx_221,-7.49234135667396,254,82.10480870885463,457,1797,25.431274346132444
rdd1_dindx_17,3.597315436241611,252,62.64715145666466,447,1797,24.874791318864776
rdd1_dindx_222,-3.6314606741573034,254,80.30592572690507,445,1797,24.76349471341124
rdd1_dindx_223,-4.759637188208616,253,78.6920073554937,441,1797,24.540901502504173
rdd1_dindx_224,-3.7712264150943398,253,81.37475631013368,424,1797,23.594880356149137
rdd1_dindx_16,-2.4630071599045347,242,65.79236480302748,419,1797,23.316638842515303
rdd1_dindx_225,-4.759124087591241,254,86.68834400364383,411,1797,22.871452420701168
rdd1_dindx_15,1.5773955773955775,252,59.03014912939909,407,1797,22.6488592097941
rdd1_dindx_226,-3.2330827067669174,251,82.34412362159304,399,1797,22.20367278797997
rdd1_dindx_14,4.012919896640827,211,57.12185929940006,387,1797,21.535893155258766
rdd1_dindx_227,-3.3368146214099217,253,77.28279680004584,383,1797,21.313299944351698
rdd1_dindx_228,-8.973262032085561,254,86.37890247683437,374,1797,20.812465219810797
rdd1_dindx_229,-7.7162534435261705,252,84.01229370396533,363,1797,20.20033388981636
rdd1_dindx_13,7.2,232,65.28032713697988,360,1797,20.03338898163606
rdd1_dindx_230,-4.621387283236994,254,75.48979569164811,346,1797,19.254312743461323
rdd1_dindx_12,-3.3594202898550725,222,60.18617087738119,345,1797,19.198664440734557
rdd1_dindx_231,0.3076923076923077,253,74.86686408070065,338,1797,18.80912632164719
rdd1_dindx_232,-5.261261261261262,250,76.21225044524496,333,1797,18.530884808013358
rdd1_dindx_233,-8.105263157894736,254,81.19098802063355,323,1797,17.974401780745687
rdd1_dindx_11,4.027950310559007,244,62.65876105376296,322,1797,17.91875347801892
rdd1_dindx_234,-8.864353312302839,253,77.8967440630403,317,1797,17.640511964385087
rdd1_dindx_235,-7.1506410256410255,251,77.78446387359051,312,1797,17.362270450751254
rdd1_dindx_10,-2.075907590759076,226,53.32264499310558,303,1797,16.86143572621035
rdd1_dindx_236,-6.26158940397351,251,77.55097307763691,302,1797,16.805787423483583
rdd1_dindx_237,-3.2218430034129693,252,76.51617822205407,293,1797,16.30495269894268
rdd1_dindx_9,14.119718309859154,179,56.435802041198336,284,1797,15.80411797440178
rdd1_dindx_238,-5.73943661971831,250,79.64177539718082,284,1797,15.80411797440178
rdd1_dindx_239,-3.5236363636363635,251,77.88832556618567,275,1797,15.30328324986088
rdd1_dindx_240,-4.064150943396227,254,81.62361638999457,265,1797,14.746800222593212
rdd1_dindx_8,-0.36015325670498083,241,64.44125144139299,261,1797,14.524207011686144
rdd1_dindx_241,-13.9601593625498,254,84.36081683286187,251,1797,13.967723984418475
rdd1_dindx_242,-16.506172839506174,254,82.45035270685341,243,1797,13.52253756260434
rdd1_dindx_243,-8.961864406779661,248,79.8875442864356,236,1797,13.132999443516974
rdd1_dindx_7,-0.2838983050847458,224,56.80721109384657,236,1797,13.132999443516974
rdd1_dindx_244,-6.852173913043479,249,89.51028539182676,230,1797,12.799109627156371
rdd1_dindx_245,-2.9592760180995477,250,81.5217438579904,221,1797,12.298274902615471
rdd1_dindx_6,-2.1872146118721463,183,55.7751243303688,219,1797,12.186978297161936
rdd1_dindx_246,-14.33175355450237,254,82.71617598126113,211,1797,11.7417918753478
rdd1_dindx_247,-3.946078431372549,253,72.16343130668491,204,1797,11.352253756260435
rdd1_dindx_5,8.470588235294118,233,72.72176439898196,204,1797,11.352253756260435
rdd1_dindx_248,-5.2063492063492065,248,77.47807173580935,189,1797,10.51752921535893
rdd1_dindx_249,-14.751351351351351,252,88.71705896966999,185,1797,10.294936004451865
rdd1_dindx_4,0.5082872928176796,212,76.31988646114671,181,1797,10.072342793544797
rdd1_dindx_250,-8.011173184357542,253,82.80973607690362,179,1797,9.961046188091263
rdd1_dindx_251,4.8604651162790695,250,85.10536052729782,172,1797,9.571508069003896
rdd1_dindx_252,-3.375,251,79.97229337922812,168,1797,9.348914858096828
rdd1_dindx_253,0.7300613496932515,248,86.15772819074387,163,1797,9.070673344462994
rdd1_dindx_254,-5.658227848101266,254,78.04630012978248,158,1797,8.79243183082916
rdd1_dindx_255,-4.5,252,85.27078715983068,154,1797,8.569838619922091
rdd1_dindx_3,1.25,187,80.8044463667166,152,1797,8.45854201446856
rdd1_dindx_256,-14.81578947368421,247,81.86553650030027,152,1797,8.45854201446856
rdd1_dindx_257,-5.220689655172414,253,95.60309250268058,145,1797,8.069003895381192
rdd1_dindx_258,-8.727941176470589,251,69.5558881205023,136,1797,7.568169170840289
rdd1_dindx_259,-11.50381679389313,247,81.48613651074244,131,1797,7.289927657206455
rdd1_dindx_260,-8.328125,252,89.84727574603681,128,1797,7.122982749026155
rdd1_dindx_261,-3.5083333333333333,236,72.42870009341755,120,1797,6.67779632721202
rdd1_dindx_2,-12.364406779661017,197,97.63844280191938,118,1797,6.566499721758487
rdd1_dindx_262,3.6120689655172415,253,73.84323697836871,116,1797,6.455203116304952
rdd1_dindx_263,-9.178571428571429,252,81.38447270799992,112,1797,6.232609905397886
rdd1_dindx_264,-14.871559633027523,239,76.07228586932338,109,1797,6.065664997217585
rdd1_dindx_265,0.6886792452830188,248,86.28663982021293,106,1797,5.898720089037284
rdd1_dindx_1,-6.179245283018868,176,125.16319891123969,106,1797,5.898720089037284
rdd1_dindx_266,-3.4757281553398056,248,84.91993312494728,103,1797,5.7317751808569835
rdd1_dindx_267,-14.636363636363637,240,76.26329386288835,99,1797,5.509181969949917
rdd1_dindx_268,-12.404255319148936,247,83.35866100694625,94,1797,5.230940456316082
rdd1_dindx_269,-10.477272727272727,246,89.35946015859044,88,1797,4.897050639955482
rdd1_dindx_270,-11.691358024691358,248,86.5632776437409,81,1797,4.507512520868113
rdd1_dindx_271,-9.64102564102564,251,69.58687143327495,78,1797,4.340567612687813
rdd1_dindx_272,-3.4935064935064934,240,78.58895586409326,77,1797,4.284919309961046
rdd1_dindx_273,2.3698630136986303,247,73.49410690182107,73,1797,4.062326099053979
rdd1_dindx_274,3.712328767123288,249,79.28403585307818,73,1797,4.062326099053979
rdd1_dindx_275,-6.871428571428571,248,82.0524085880606,70,1797,3.8953811908736786
rdd1_dindx_276,-32.64179104477612,249,94.73241206313509,67,1797,3.728436282693378
rdd1_dindx_277,-23.765625,242,77.42491164579637,64,1797,3.5614913745130776
rdd1_dindx_0,10.78125,176,132.28242380769072,64,1797,3.5614913745130776
rdd1_dindx_278,-28.370967741935484,245,103.69437628558755,62,1797,3.450194769059544
rdd1_dindx_279,-36.55,252,106.45678700768683,60,1797,3.33889816360601
rdd1_dindx_280,-42.21052631578947,237,92.0426554131967,57,1797,3.1719532554257093
rdd1_dindx_281,-28.74074074074074,234,81.12135061361607,54,1797,3.005008347245409
rdd1_dindx_282,-23.5,242,80.5464462282477,50,1797,2.7824151363383414
rdd1_dindx_283,-9.76086956521739,154,56.43471980300652,46,1797,2.559821925431274
rdd1_dindx_284,-20.866666666666667,206,70.2030705248076,45,1797,2.5041736227045077
rdd1_dindx_285,-14.71111111111111,250,94.62924664704698,45,1797,2.5041736227045077
rdd1_dindx_286,-15.837209302325581,239,102.84215275318618,43,1797,2.392877017250974
rdd1_dindx_287,-33.175,246,94.06989090564525,40,1797,2.225932109070673
rdd1_dindx_288,-39.08571428571429,247,105.07422449421753,35,1797,1.9476905954368393
rdd1_dindx_289,-38.088235294117645,228,86.70890029866288,34,1797,1.8920422927100722
rdd1_dindx_290,-48.84848484848485,253,80.72929745390633,33,1797,1.8363939899833055
rdd1_dindx_291,-28.79310344827586,250,90.41260947698375,29,1797,1.613800779076238
rdd1_dindx_292,-39.892857142857146,246,96.26056130765758,28,1797,1.5581524763494714
rdd1_dindx_293,-20.44,183,64.084993563236,25,1797,1.3912075681691707
rdd1_dindx_294,-47.083333333333336,249,85.21781732061018,24,1797,1.335559265442404
rdd1_dindx_295,-38.36363636363637,255,105.87494572480972,22,1797,1.2242626599888704
rdd1_dindx_296,-12.666666666666666,246,131.8382847784866,18,1797,1.001669449081803
rdd1_dindx_297,-77.05555555555556,250,98.79466484820492,18,1797,1.001669449081803
rdd1_dindx_298,-27.285714285714285,196,82.46594844577501,14,1797,0.7790762381747357
rdd1_dindx_299,2.3076923076923075,208,85.06412478503371,13,1797,0.7234279354479688
rdd1_dindx_300,-27.545454545454547,188,59.31328785105812,11,1797,0.6121313299944352
rdd1_dindx_301,-29.3,231,107.79893320436895,10,1797,0.5564830272676683
rdd1_dindx_302,-47.0,250,101.77917272212424,10,1797,0.5564830272676683
rdd1_dindx_303,-45.0,238,84.6850373770689,9,1797,0.5008347245409015
rdd1_dindx_304,-27.555555555555557,246,110.10713077232364,9,1797,0.5008347245409015
rdd1_dindx_305,-56.111111111111114,252,123.55425658789606,9,1797,0.5008347245409015
rdd1_dindx_306,-44.75,248,126.21187543175166,8,1797,0.4451864218141347
rdd1_dindx_307,-54.0,255,132.74411474713295,8,1797,0.4451864218141347
rdd1_dindx_308,-26.375,231,116.3786250778037,8,1797,0.4451864218141347
rdd1_dindx_310,-79.375,213,75.67849347734136,8,1797,0.4451864218141347
rdd1_dindx_309,-68.14285714285714,153,67.68715550537017,7,1797,0.38953811908736785
rdd1_dindx_311,-59.0,164,63.376426442104076,7,1797,0.38953811908736785
rdd1_dindx_312,-41.714285714285715,170,93.90072917062737,7,1797,0.38953811908736785
rdd1_dindx_313,-30.333333333333332,250,140.8647893864499,6,1797,0.333889816360601
rdd1_dindx_314,-40.4,149,81.00024691320391,5,1797,0.27824151363383415
rdd1_dindx_315,-67.6,107,37.334166657366275,5,1797,0.27824151363383415
rdd1_dindx_316,-75.6,110,37.24298591681392,5,1797,0.27824151363383415
rdd1_dindx_317,-93.8,164,56.38226671569706,5,1797,0.27824151363383415
rdd1_dindx_318,-63.4,134,55.28327052553964,5,1797,0.27824151363383415
rdd1_dindx_319,-66.0,151,70.97182539571601,4,1797,0.22259321090706735
rdd1_dindx_320,-77.0,156,66.48684080327475,4,1797,0.22259321090706735
rdd1_dindx_321,-101.0,171,69.21343800159042,4,1797,0.22259321090706735
rdd1_dindx_322,-98.66666666666667,177,81.66734693594225,3,1797,0.1669449081803005
rdd1_dindx_323,-105.66666666666667,183,83.94177876494054,3,1797,0.1669449081803005
rdd1_dindx_340,-90.0,195,105.0,2,1797,0.11129660545353368
rdd1_dindx_341,-92.0,199,107.0,2,1797,0.11129660545353368
rdd1_dindx_342,-94.5,203,108.5,2,1797,0.11129660545353368
rdd1_dindx_343,-98.5,206,107.5,2,1797,0.11129660545353368
rdd1_dindx_344,-101.0,213,112.0,2,1797,0.11129660545353368
rdd1_dindx_345,-102.0,215,113.0,2,1797,0.11129660545353368
rdd1_dindx_346,-103.5,218,114.5,2,1797,0.11129660545353368
rdd1_dindx_347,-130.5,239,108.5,2,1797,0.11129660545353368
rdd1_dindx_348,-132.0,241,109.0,2,1797,0.11129660545353368
rdd1_dindx_349,-133.0,244,111.0,2,1797,0.11129660545353368
rdd1_dindx_350,-133.5,246,112.5,2,1797,0.11129660545353368
rdd1_dindx_351,-117.5,248,130.5,2,1797,0.11129660545353368
rdd1_dindx_352,-119.0,251,132.0,2,1797,0.11129660545353368
rdd1_dindx_337,-87.0,185,98.0,2,1797,0.11129660545353368
rdd1_dindx_338,-88.5,188,99.5,2,1797,0.11129660545353368
rdd1_dindx_339,-88.0,192,104.0,2,1797,0.11129660545353368
rdd1_dindx_324,-69.5,148,78.5,2,1797,0.11129660545353368
rdd1_dindx_325,-74.0,156,82.0,2,1797,0.11129660545353368
rdd1_dindx_326,-77.0,163,86.0,2,1797,0.11129660545353368
rdd1_dindx_327,-79.0,167,88.0,2,1797,0.11129660545353368
rdd1_dindx_328,-80.5,170,89.5,2,1797,0.11129660545353368
rdd1_dindx_329,-82.0,174,92.0,2,1797,0.11129660545353368
rdd1_dindx_330,-83.0,177,94.0,2,1797,0.11129660545353368
rdd1_dindx_331,-52.0,115,63.0,2,1797,0.11129660545353368
rdd1_dindx_332,-52.0,118,66.0,2,1797,0.11129660545353368
rdd1_dindx_333,-53.0,121,68.0,2,1797,0.11129660545353368
rdd1_dindx_334,-55.0,124,69.0,2,1797,0.11129660545353368
rdd1_dindx_335,-57.0,128,71.0,2,1797,0.11129660545353368
rdd1_dindx_336,-84.5,181,96.5,2,1797,0.11129660545353368
rdd1_dindx_369,-48.5,107,58.5,2,1797,0.11129660545353368
rdd1_dindx_370,-50.5,111,60.5,2,1797,0.11129660545353368
rdd1_dindx_371,-54.5,119,64.5,2,1797,0.11129660545353368
rdd1_dindx_372,-59.5,125,65.5,2,1797,0.11129660545353368
rdd1_dindx_373,-154.5,182,27.5,2,1797,0.11129660545353368
rdd1_dindx_374,-156.5,184,27.5,2,1797,0.11129660545353368
rdd1_dindx_375,-159.0,186,27.0,2,1797,0.11129660545353368
rdd1_dindx_376,-187.0,236,49.0,2,1797,0.11129660545353368
rdd1_dindx_377,-193.5,243,49.5,2,1797,0.11129660545353368
rdd1_dindx_378,-75.0,148,73.0,2,1797,0.11129660545353368
rdd1_dindx_379,-164.0,177,13.0,2,1797,0.11129660545353368
rdd1_dindx_364,-111.5,232,120.5,2,1797,0.11129660545353368
rdd1_dindx_365,-113.0,235,122.0,2,1797,0.11129660545353368
rdd1_dindx_366,-115.0,239,124.0,2,1797,0.11129660545353368
rdd1_dindx_367,-118.0,242,124.0,2,1797,0.11129660545353368
rdd1_dindx_368,-49.0,104,55.0,2,1797,0.11129660545353368
rdd1_dindx_353,-120.5,253,132.5,2,1797,0.11129660545353368
rdd1_dindx_354,-105.0,221,116.0,2,1797,0.11129660545353368
rdd1_dindx_355,-54.5,120,65.5,2,1797,0.11129660545353368
rdd1_dindx_356,-52.0,114,62.0,2,1797,0.11129660545353368
rdd1_dindx_357,-54.0,117,63.0,2,1797,0.11129660545353368
rdd1_dindx_358,-84.0,177,93.0,2,1797,0.11129660545353368
rdd1_dindx_359,-87.5,183,95.5,2,1797,0.11129660545353368
rdd1_dindx_360,-102.0,212,110.0,2,1797,0.11129660545353368
rdd1_dindx_361,-103.5,215,111.5,2,1797,0.11129660545353368
rdd1_dindx_362,-106.0,220,114.0,2,1797,0.11129660545353368
rdd1_dindx_363,-107.0,223,116.0,2,1797,0.11129660545353368
rdd1_dindx_402,-72.0,72,0.0,1,1797,0.05564830272676684
rdd1_dindx_401,-40.0,40,0.0,1,1797,0.05564830272676684
rdd1_dindx_400,-212.0,212,0.0,1,1797,0.05564830272676684
rdd1_dindx_415,-98.0,98,0.0,1,1797,0.05564830272676684
rdd1_dindx_414,-210.0,210,0.0,1,1797,0.05564830272676684
rdd1_dindx_413,-203.0,203,0.0,1,1797,0.05564830272676684
rdd1_dindx_412,-175.0,175,0.0,1,1797,0.05564830272676684
rdd1_dindx_411,-29.0,29,0.0,1,1797,0.05564830272676684
rdd1_dindx_410,-8.0,8,0.0,1,1797,0.05564830272676684
rdd1_dindx_409,-3.0,3,0.0,1,1797,0.05564830272676684
rdd1_dindx_408,-251.0,251,0.0,1,1797,0.05564830272676684
rdd1_dindx_407,-161.0,161,0.0,1,1797,0.05564830272676684
rdd1_dindx_406,-220.0,220,0.0,1,1797,0.05564830272676684
rdd1_dindx_405,-213.0,213,0.0,1,1797,0.05564830272676684
rdd1_dindx_404,-205.0,205,0.0,1,1797,0.05564830272676684
rdd1_dindx_403,-98.0,98,0.0,1,1797,0.05564830272676684
rdd1_dindx_380,-94.0,94,0.0,1,1797,0.05564830272676684
rdd1_dindx_381,-107.0,107,0.0,1,1797,0.05564830272676684
rdd1_dindx_382,-113.0,113,0.0,1,1797,0.05564830272676684
rdd1_dindx_383,-116.0,116,0.0,1,1797,0.05564830272676684
rdd1_dindx_384,-118.0,118,0.0,1,1797,0.05564830272676684
rdd1_dindx_385,-122.0,122,0.0,1,1797,0.05564830272676684
rdd1_dindx_386,-125.0,125,0.0,1,1797,0.05564830272676684
rdd1_dindx_387,-134.0,134,0.0,1,1797,0.05564830272676684
rdd1_dindx_388,-139.0,139,0.0,1,1797,0.05564830272676684
rdd1_dindx_389,-141.0,141,0.0,1,1797,0.05564830272676684
rdd1_dindx_390,-158.0,158,0.0,1,1797,0.05564830272676684
rdd1_dindx_391,-103.0,103,0.0,1,1797,0.05564830272676684
rdd1_dindx_392,-106.0,106,0.0,1,1797,0.05564830272676684
rdd1_dindx_393,-108.0,108,0.0,1,1797,0.05564830272676684
rdd1_dindx_394,-110.0,110,0.0,1,1797,0.05564830272676684
rdd1_dindx_395,-112.0,112,0.0,1,1797,0.05564830272676684
rdd1_dindx_396,-114.0,114,0.0,1,1797,0.05564830272676684
rdd1_dindx_397,-119.0,119,0.0,1,1797,0.05564830272676684
rdd1_dindx_398,-129.0,129,0.0,1,1797,0.05564830272676684
rdd1_dindx_399,-131.0,131,0.0,1,1797,0.05564830272676684
rdd1_dindx_416,-103.0,103,0.0,1,1797,0.05564830272676684
